{
    "frame_index": {
        "min": [
            0
        ],
        "max": [
            399
        ],
        "mean": [
            199.5
        ],
        "std": [
            115.46969299344309
        ],
        "count": [
            9600
        ],
        "q01": [
            3.0323999999015183
        ],
        "q10": [
            39.02219999991954
        ],
        "q50": [
            199.02119999999982
        ],
        "q90": [
            359.02020000007974
        ],
        "q99": [
            395.0100000000979
        ]
    },
    "observation.state": {
        "min": [
            0.0
        ],
        "max": [
            399.0
        ],
        "mean": [
            199.5
        ],
        "std": [
            115.46969722209589
        ],
        "count": [
            9600
        ],
        "q01": [
            3.032400131225586
        ],
        "q10": [
            39.02220153808594
        ],
        "q50": [
            199.02120971679688
        ],
        "q90": [
            359.02020263671875
        ],
        "q99": [
            395.010009765625
        ]
    },
    "timestamp": {
        "min": [
            0.0
        ],
        "max": [
            7.98
        ],
        "mean": [
            3.99
        ],
        "std": [
            2.30939385986886
        ],
        "count": [
            9600
        ],
        "q01": [
            0.06064799990151999
        ],
        "q10": [
            0.7804439999195598
        ],
        "q50": [
            3.9804239999997604
        ],
        "q90": [
            7.18040400007996
        ],
        "q99": [
            7.900200000098
        ]
    },
    "task_index": {
        "min": [
            0
        ],
        "max": [
            0
        ],
        "mean": [
            0.0
        ],
        "std": [
            0.0
        ],
        "count": [
            9600
        ],
        "q01": [
            3.9999999999994176e-16
        ],
        "q10": [
            3.999999999999417e-15
        ],
        "q50": [
            1.9999999999997088e-14
        ],
        "q90": [
            3.5999999999994766e-14
        ],
        "q99": [
            3.9599999999994235e-14
        ]
    },
    "observation.environment_state": {
        "min": [
            0.0
        ],
        "max": [
            399.0
        ],
        "mean": [
            199.5
        ],
        "std": [
            115.46969722209589
        ],
        "count": [
            9600
        ],
        "q01": [
            3.032400131225586
        ],
        "q10": [
            39.02220153808594
        ],
        "q50": [
            199.02120971679688
        ],
        "q90": [
            359.02020263671875
        ],
        "q99": [
            395.010009765625
        ]
    },
    "action": {
        "min": [
            0.270874947309494,
            -0.14581327140331268,
            -0.2162398397922516,
            0.20702677965164185,
            -0.14041541516780853,
            0.2762612998485565,
            -0.9147443175315857
        ],
        "max": [
            0.3332289159297943,
            -0.12061271071434021,
            -0.1754325032234192,
            0.300341933965683,
            -0.1232362911105156,
            0.3221856355667114,
            -0.8831617832183838
        ],
        "mean": [
            0.3027209316690763,
            -0.1399187296628952,
            -0.19681172942121825,
            0.23666957952082157,
            -0.12930483308931193,
            0.2809457294642925,
            -0.9000282436609268
        ],
        "std": [
            0.02062002062988197,
            0.0037967953700988534,
            0.013454014862629579,
            0.02168375659710588,
            0.004221543723525826,
            0.008329561463329346,
            0.010238211501971115
        ],
        "count": [
            9600
        ],
        "q01": [
            0.27157331506411236,
            -0.1455234388510386,
            -0.21586071327328682,
            0.20743029910538877,
            -0.1401691548526287,
            0.2763422756559319,
            -0.91436332774659
        ],
        "q10": [
            0.273425942286849,
            -0.14431718529926407,
            -0.21446382192273936,
            0.20895194231222072,
            -0.1340014533036285,
            0.2767473955949147,
            -0.9134168947736422
        ],
        "q50": [
            0.3049295507371425,
            -0.13961146492511034,
            -0.19805182268222174,
            0.23643721360713243,
            -0.12910969617466136,
            0.27832267474797034,
            -0.9021343812346458
        ],
        "q90": [
            0.32693490261832875,
            -0.13771909051057368,
            -0.1773123831177751,
            0.25953828729689127,
            -0.1239755676748852,
            0.2865041755139828,
            -0.8852850173910459
        ],
        "q99": [
            0.3314954663316409,
            -0.12457128055393696,
            -0.17580978603412709,
            0.2937111978729565,
            -0.12336629344564344,
            0.3178664768735568,
            -0.8834706517557304
        ]
    },
    "index": {
        "min": [
            0
        ],
        "max": [
            9599
        ],
        "mean": [
            4799.5
        ],
        "std": [
            2771.2812770750406
        ],
        "count": [
            9600
        ],
        "q01": [
            4603.032399999902
        ],
        "q10": [
            4639.022199999919
        ],
        "q50": [
            4799.021199999999
        ],
        "q90": [
            4959.02020000008
        ],
        "q99": [
            4995.010000000098
        ]
    },
    "episode_index": {
        "min": [
            0
        ],
        "max": [
            23
        ],
        "mean": [
            11.5
        ],
        "std": [
            6.92218655243173
        ],
        "count": [
            9600
        ],
        "q01": [
            11.5
        ],
        "q10": [
            11.500000000000004
        ],
        "q50": [
            11.500000000000021
        ],
        "q90": [
            11.500000000000036
        ],
        "q99": [
            11.500000000000039
        ]
    }
}